{
  "project_info": {
    "project_number": "618966835882",
    "project_id": "kami-peduli-uo0g9w",
    "storage_bucket": "kami-peduli-uo0g9w.appspot.com"
  },
  "client": [
    {
      "client_info": {
        "mobilesdk_app_id": "1:618966835882:android:fbb5f57cb75ff96126a6d3",
        "android_client_info": {
          "package_name": "com.flutterflow.kamipeduli"
        }
      },
      "oauth_client": [
        {
          "client_id": "618966835882-911kch12tejiu36f7mqu6km86livpv1p.apps.googleusercontent.com",
          "client_type": 1,
          "android_info": {
            "package_name": "com.flutterflow.kamipeduli",
            "certificate_hash": "9bbb3186b2189ef16d8f272bdab59362c395cbb4"
          }
        },
        {
          "client_id": "618966835882-dljcamltntil46nugqmol9vrcmp3no12.apps.googleusercontent.com",
          "client_type": 3
        }
      ],
      "api_key": [
        {
          "current_key": "AIzaSyDCYAXoS5IjhADFpVbwmpe-KPLmC2ZSWYM"
        }
      ],
      "services": {
        "appinvite_service": {
          "other_platform_oauth_client": [
            {
              "client_id": "618966835882-dljcamltntil46nugqmol9vrcmp3no12.apps.googleusercontent.com",
              "client_type": 3
            },
            {
              "client_id": "618966835882-2rhl0gtoocve01m0p83fdkqeuh0fv06n.apps.googleusercontent.com",
              "client_type": 2,
              "ios_info": {
                "bundle_id": "com.flutterflow.kamipeduli"
              }
            }
          ]
        }
      }
    }
  ],
  "configuration_version": "1"
}